{"cameraMode":{"drawMode":0,"name":"Shaded","section":"Shading Mode"},"sceneLighting":false,"audioPlay":false,"sceneViewState":{"m_AlwaysRefresh":false,"showFog":true,"showSkybox":false,"showFlares":true,"showImageEffects":true,"showParticleSystems":true,"showVisualEffectGraphs":true,"m_FxEnabled":true},"in2DMode":false,"pivot":{"x":0.6135382652282715,"y":0.03237271308898926,"z":-3.844481945037842},"rotation":{"x":-0.14904050529003144,"y":0.8275923132896423,"z":-0.47473815083503725,"w":-0.2598172128200531},"size":1.3976373672485352,"orthographic":false}